{"best_dev_metric":0.8180902262248343,"test_intent_accuracy":0.9764837625979843,"test_slot_f1_micro":0.9775700934579439,"best_dev_epoch":9,"_timestamp":1.7460305587069523e+09,"dev_slot_f1_micro":0.9866131191432396,"_step":9,"_wandb":{"runtime":141},"_runtime":140.744011723,"dev_slot_f1_macro":0.6402612745890383,"test_slot_f1_macro":0.5448130626023521,"dev_intent_accuracy":0.9939759036144579,"learning_rate":0,"dev_combined_metric":0.8171185891017481,"train_loss":0.012774377629726327,"epoch":10}