{"learning_rate":0.0078125,"_wandb":{"runtime":302},"dev_perplexity":150.53210778997678,"epoch":21,"test_perplexity":146.0420075744005,"_runtime":302.3402155,"dev_loss":5.014176402232207,"_step":21,"_timestamp":1.746783422295272e+09,"train_loss":4.274070282715611}