{"best_dev_metric":0.5113852152338835,"best_dev_epoch":3,"epoch":6,"dev_intent_accuracy":0.9919678714859438,"_step":5,"test_intent_accuracy":0.9686450167973124,"test_slot_f1_micro":0.9024299065420561,"test_slot_f1_macro":0.02564088946482344,"learning_rate":3.8e-05,"dev_slot_f1_micro":0.9136546184738956,"_wandb":{"runtime":68},"_runtime":67.308250912,"dev_combined_metric":0.5113852152338835,"_timestamp":1.7464418821755095e+09,"dev_slot_f1_macro":0.030802558981823106,"train_loss":0.5436514568115983}