{"_runtime":128.299536434,"epoch":19,"dev_loss":5.1810911195659894,"train_loss":4.563179830122478,"_step":18,"_wandb":{"runtime":128},"_timestamp":1.7443611428862867e+09,"dev_perplexity":177.87678999287516,"best_dev_perplexity":166.24714873405057}