{"_runtime":421.486310702,"dev_loss":4.588374005564405,"dev_perplexity":98.33440889866385,"learning_rate":30,"train_loss":4.477384043903646,"_timestamp":1.746004858826411e+09,"_step":9,"epoch":10,"_wandb":{"runtime":465},"is_averaging":false}