{"_timestamp":1.74436090265248e+09,"epoch":11,"dev_perplexity":190.7519431770954,"_step":10,"best_dev_perplexity":177.92641678640047,"train_loss":4.784421483450479,"_wandb":{"runtime":75},"dev_loss":5.250973857148566,"_runtime":75.939092549}