{"_runtime":1350.89058745,"test_perplexity":85.97336131395701,"dev_loss":4.513005900718319,"learning_rate":15,"asgd_start_lr":15,"_timestamp":1.7466152884911048e+09,"_step":39,"optimizer_switched_to_ASGD_epoch":26,"epoch":38,"train_loss":3.3234498083546264,"_wandb":{"runtime":1350},"dev_perplexity":91.19553164125621}