{"_step":14,"epoch":15,"dev_slot_f1_macro":0.5188642670595851,"_timestamp":1.7464415325024981e+09,"_wandb":{"runtime":173},"_runtime":172.208184466,"test_intent_accuracy":0.975363941769317,"best_dev_metric":0.7574241014012785,"dev_intent_accuracy":0.9959839357429718,"train_loss":0.0953889090168689,"test_slot_f1_micro":0.9671028037383178,"test_slot_f1_macro":0.3642876749342832,"dev_combined_metric":0.7574241014012785,"best_dev_epoch":15,"dev_slot_f1_micro":0.9839357429718876,"learning_rate":0}