{"test_perplexity":97.43956557638822,"_runtime":937.437111928,"epoch":94,"_step":94,"_wandb":{"runtime":937},"train_loss":4.471027226818511,"dev_loss":4.611866906143451,"dev_perplexity":100.67191933232769,"_timestamp":1.744548145165948e+09}