{"dev_slot_f1_micro":0.9872824631860776,"dev_combined_metric":0.8211971891972953,"learning_rate":6e-06,"test_slot_f1_macro":0.4617012351603717,"test_intent_accuracy":0.975363941769317,"_step":21,"train_loss":0.02739685694354453,"_runtime":243.143701287,"dev_intent_accuracy":0.9959839357429718,"best_dev_metric":0.8222724580144997,"epoch":22,"_wandb":{"runtime":244},"dev_slot_f1_macro":0.6464104426516187,"best_dev_epoch":19,"_timestamp":1.7464425230454073e+09,"test_slot_f1_micro":0.9719626168224299}