{"_step":14,"epoch":14,"learning_rate":0.125,"dev_perplexity":146.36617712603098,"_runtime":253.440701003,"_wandb":{"runtime":253},"test_perplexity":140.90330895469543,"dev_loss":4.9861115442756425,"_timestamp":1.7467840593007693e+09,"train_loss":4.117955060594039}