{"_runtime":1029.625333703,"_wandb":{"runtime":1029},"_step":33,"dev_loss":4.483440646184983,"epoch":33,"test_perplexity":86.10498931232762,"train_loss":3.839554048020554,"_timestamp":1.7445512488263283e+09,"dev_perplexity":88.53877982813034}