{"dev_slot_f1_micro":0.9879518072289156,"test_slot_f1_macro":0.48900807261589563,"dev_combined_metric":0.8191026986266519,"best_dev_metric":0.8201067146909089,"test_slot_f1_micro":0.9760658189977562,"dev_intent_accuracy":0.9879518072289156,"_step":8,"epoch":9,"test_intent_accuracy":0.9641657334826428,"dev_slot_f1_macro":0.6502535900243881,"train_loss":0.02506144621542522,"_runtime":93.592378716,"best_dev_epoch":6,"_wandb":{"runtime":94},"_timestamp":1.746032812931874e+09,"learning_rate":5e-06}