{"epoch":10,"_timestamp":1.7463708381428816e+09,"dev_combined_metric":0.7356725337094185,"_step":9,"_wandb":{"runtime":160},"best_dev_epoch":8,"best_dev_metric":0.7459887064646352,"dev_intent_accuracy":0.9337349397590361,"test_slot_f1_macro":0.3661937607247343,"dev_slot_f1_macro":0.5376101276598011,"dev_slot_f1_micro":0.9846050870147256,"test_slot_f1_micro":0.97323600973236,"train_loss":0.21882473304867744,"learning_rate":0,"test_intent_accuracy":0.8723404255319149,"_runtime":159.157793501}