{"test_slot_f1_micro":0,"dev_slot_f1_micro":0,"test_slot_f1_macro":0,"test_intent_accuracy":0.010078387458006719,"_timestamp":1.7464419307140615e+09,"dev_intent_accuracy":0.01606425702811245,"dev_combined_metric":0.008032128514056224,"best_dev_epoch":1,"train_loss":NaN,"dev_slot_f1_macro":0,"_step":3,"learning_rate":4.2e-05,"_wandb":{"runtime":46},"_runtime":45.35563296,"epoch":4,"best_dev_metric":0.008032128514056224}