{"dev_perplexity":123.44189713823151,"learning_rate":0.00390625,"dev_loss":4.815770576846652,"_runtime":553.16435621,"epoch":17,"_timestamp":1.7447927606027703e+09,"train_loss":3.4170766944078257,"_wandb":{"runtime":579},"_step":16}