{"test_intent_accuracy":0.8880179171332587,"best_dev_metric":0.7674827724658554,"_step":9,"dev_combined_metric":0.7622511761052267,"learning_rate":0,"test_slot_f1_macro":0.3462411872821127,"_timestamp":1.746371121049068e+09,"dev_intent_accuracy":0.963855421686747,"best_dev_epoch":9,"_wandb":{"runtime":157},"train_loss":0.17171675742470793,"test_slot_f1_micro":0.9700822737471952,"epoch":10,"dev_slot_f1_macro":0.5606469305237065,"_runtime":156.150499155,"dev_slot_f1_micro":0.9859437751004017}