{"_runtime":374.732511453,"_wandb":{"runtime":374},"epoch":11,"test_perplexity":91.41526237971897,"_step":11,"dev_loss":4.615761000162703,"_timestamp":1.7445530001674824e+09,"dev_perplexity":101.06470953594294,"train_loss":3.8849733664660526}