{"test_intent_accuracy":0.9742441209406495,"test_slot_f1_micro":0.9738219895287957,"_wandb":{"runtime":212},"best_dev_metric":0.8133428702171024,"epoch":19,"_timestamp":1.7464422766408656e+09,"dev_combined_metric":0.8071554196748132,"best_dev_epoch":16,"learning_rate":1.2e-05,"test_slot_f1_macro":0.431137257443022,"dev_slot_f1_micro":0.9886211512717537,"dev_slot_f1_macro":0.6183269036066544,"_step":18,"train_loss":0.03654255109306957,"_runtime":211.525615471,"dev_intent_accuracy":0.9959839357429718}