{"_timestamp":1.7458406803405325e+09,"dev_loss":0.1501594539731741,"train_loss":0.0012522550482702043,"test_slot_f1":0.9266217653314428,"_wandb":{"runtime":126},"_runtime":126.321192784,"dev_slot_f1":0.9718685223571217,"epoch":85,"_step":85,"test_intent_accuracy":0.9462486002239642,"dev_intent_accuracy":0.9799196787148594}